exchange_id,request_date,from_hospital_id,to_hospital_id,medicine_id,quantity_units,priority,status,distance_km,estimated_lead_days,same_province,reason,involves_demo
EX-00001,2026-05-13,HOSP-KR-004,HOSP-BG-013,MED-056,5,Normal,Completed,301.2,3,0,Postpartum hemorrhage kit,0
EX-00002,2026-01-21,DEMO-06,DEMO-02,MED-042,24,Normal,Completed,239.4,4,0,Routine balancing,1
EX-00003,2026-01-21,HOSP-BG-012,HOSP-LB-004,MED-056,15,Normal,Requested,244.8,4,0,Routine balancing,0
EX-00004,2026-04-03,HOSP-SP-003,HOSP-BG-016,MED-022,29,Emergency,Requested,442.6,6,0,Monsoon surge,0
EX-00005,2026-02-14,DEMO-01,DEMO-03,MED-066,104,Emergency,Completed,11.8,2,1,Monsoon surge,1
EX-00006,2026-03-18,HOSP-BG-019,HOSP-LB-001,MED-036,153,Normal,Completed,185.3,2,0,Postpartum hemorrhage kit,0
EX-00007,2026-03-14,DEMO-08,DEMO-01,MED-026,26,High,Completed,352.2,4,0,Pediatric surge,1
EX-00008,2026-02-10,HOSP-KR-004,HOSP-GD-003,MED-060,5,Normal,Approved,224.9,2,0,Outbreak response,0
EX-00009,2026-02-01,HOSP-GD-004,HOSP-SP-002,MED-003,5,Normal,Rejected,398.5,4,0,Emergency case load,0
EX-00011,2025-12-29,HOSP-SP-003,HOSP-GD-003,MED-013,31,Normal,Completed,376.3,6,0,Postpartum hemorrhage kit,0
EX-00012,2026-05-26,DEMO-02,DEMO-01,MED-048,47,Emergency,Completed,3.8,2,1,Emergency case load,1
EX-00013,2025-12-16,HOSP-KR-003,HOSP-BG-013,MED-034,5,High,Completed,276.6,4,0,Pediatric surge,0
EX-00014,2026-03-13,DEMO-04,DEMO-03,MED-030,86,Normal,Requested,11.9,1,1,Routine balancing,1
EX-00015,2026-05-07,HOSP-GD-005,DEMO-04,MED-043,23,Normal,Completed,143.1,3,0,Low stock,1
EX-00016,2026-01-21,HOSP-SP-004,HOSP-BG-018,MED-047,28,Normal,Completed,497.9,6,0,Near-expiry redistribution,0
EX-00017,2026-02-02,DEMO-06,HOSP-BG-010,MED-042,24,Normal,Completed,312.3,5,0,Low stock,1
EX-00018,2026-03-21,DEMO-08,HOSP-SP-004,MED-009,19,High,Completed,155.5,2,0,Chemo cycle demand,1
EX-00019,2026-06-24,HOSP-BG-019,HOSP-BG-013,MED-031,49,High,Approved,9.1,1,1,Near-expiry redistribution,0
EX-00020,2026-06-19,DEMO-04,HOSP-BG-010,MED-005,182,Normal,Completed,89.1,3,1,Monsoon surge,1
EX-00021,2026-04-20,DEMO-05,DEMO-04,MED-009,98,Normal,Completed,5.4,1,1,Emergency case load,1
EX-00022,2026-01-07,DEMO-07,HOSP-BG-015,MED-054,78,Emergency,Completed,166.4,2,0,Monsoon surge,1
EX-00023,2025-12-16,HOSP-GD-003,DEMO-01,MED-045,5,Normal,Completed,74.5,2,0,Routine balancing,1
EX-00024,2026-01-07,DEMO-08,DEMO-07,MED-047,27,Normal,In_Transit,211.9,2,0,Emergency case load,1
EX-00025,2026-05-26,DEMO-07,DEMO-08,MED-062,112,Normal,Completed,211.9,2,0,Chemo cycle demand,1
EX-00026,2026-06-19,HOSP-KR-004,HOSP-BG-019,MED-026,23,Normal,Completed,298.7,3,0,Chemo cycle demand,0
EX-00027,2026-01-03,DEMO-08,DEMO-01,MED-026,5,Emergency,Requested,352.2,5,0,Routine balancing,1
EX-00028,2026-01-09,DEMO-08,DEMO-03,MED-066,5,Normal,Completed,363.7,6,0,Chemo cycle demand,1
EX-00029,2025-12-18,DEMO-07,HOSP-GD-004,MED-030,51,High,Completed,45.9,2,1,Near-expiry redistribution,1
EX-00030,2026-04-18,HOSP-BG-019,HOSP-KR-004,MED-059,25,Normal,Completed,298.7,5,0,Monsoon surge,0
EX-00031,2026-03-06,HOSP-BG-017,HOSP-BG-012,MED-014,37,High,Completed,39.9,1,1,Surgical camp,0
EX-00032,2026-03-22,DEMO-08,DEMO-07,MED-017,5,Normal,Completed,211.9,2,0,Outbreak response,1
EX-00033,2026-05-04,DEMO-02,DEMO-07,MED-064,244,Normal,Requested,142.1,2,0,Chemo cycle demand,1
EX-00034,2025-12-22,DEMO-07,DEMO-02,MED-004,52,Normal,In_Transit,142.1,1,0,Emergency case load,1
EX-00035,2026-05-23,HOSP-BG-011,HOSP-BG-017,MED-059,73,High,Completed,37.1,1,1,Pediatric surge,0
EX-00036,2026-04-26,HOSP-GD-002,HOSP-KP-003,MED-050,20,Emergency,Completed,484.2,6,0,Pediatric surge,0
EX-00037,2026-06-22,HOSP-GD-005,HOSP-MD-001,MED-033,232,High,Requested,254.3,4,0,Chemo cycle demand,0
EX-00039,2025-12-23,DEMO-08,DEMO-03,MED-064,18,High,Completed,363.7,5,0,Low stock,1
EX-00040,2026-04-10,DEMO-06,DEMO-05,MED-051,18,Emergency,Completed,237.2,3,0,Emergency case load,1
EX-00041,2026-03-04,HOSP-BG-015,DEMO-02,MED-067,109,High,Rejected,24.6,1,1,Emergency case load,1
EX-00042,2026-03-05,DEMO-08,DEMO-06,MED-017,5,Normal,Completed,590.4,8,0,Low stock,1
EX-00043,2026-03-27,DEMO-08,HOSP-MD-001,MED-031,75,Emergency,Completed,463.7,5,0,Pediatric surge,1
EX-00044,2026-03-10,DEMO-01,DEMO-03,MED-056,135,Normal,Completed,11.8,1,1,Emergency case load,1
EX-00045,2026-05-01,DEMO-08,DEMO-05,MED-012,36,High,In_Transit,353.6,5,0,Routine balancing,1
EX-00047,2026-01-21,HOSP-GD-005,HOSP-KP-003,MED-065,101,High,Completed,446.9,6,0,Low stock,0
EX-00048,2026-04-14,DEMO-03,DEMO-04,MED-065,48,High,Requested,11.9,1,1,Near-expiry redistribution,1
EX-00049,2026-05-23,DEMO-04,HOSP-MD-003,MED-031,40,Normal,Completed,108.4,1,0,Routine balancing,1
EX-00050,2025-12-20,HOSP-GD-004,HOSP-BG-011,MED-067,5,Normal,Completed,144.0,1,0,Low stock,0
EX-00051,2026-05-13,DEMO-03,DEMO-07,MED-058,13,Emergency,Completed,153.7,3,0,Postpartum hemorrhage kit,1
EX-00052,2026-05-01,HOSP-SP-003,HOSP-SP-002,MED-045,5,Normal,Completed,118.1,2,1,Low stock,0
EX-00053,2026-05-25,DEMO-05,HOSP-GD-005,MED-062,24,Normal,Approved,144.2,2,0,Postpartum hemorrhage kit,1
EX-00054,2026-05-02,DEMO-07,DEMO-06,MED-033,128,High,Completed,378.9,4,0,Monsoon surge,1
EX-00055,2026-05-29,HOSP-KP-004,HOSP-LB-003,MED-028,15,High,Completed,403.8,7,0,Emergency case load,0
EX-00056,2025-12-30,DEMO-03,DEMO-05,MED-018,24,High,Completed,10.8,1,1,Outbreak response,1
EX-00058,2026-05-25,DEMO-02,HOSP-LB-004,MED-027,66,Normal,Approved,245.1,4,0,Chemo cycle demand,1
EX-00059,2026-03-19,DEMO-08,DEMO-07,MED-050,5,High,Completed,211.9,2,0,Surgical camp,1
EX-00060,2026-06-26,HOSP-KR-001,HOSP-BG-011,MED-005,119,High,Completed,379.2,4,0,Surgical camp,0
EX-00061,2026-03-16,HOSP-KR-001,HOSP-BG-019,MED-062,12,Normal,Approved,376.1,6,0,Postpartum hemorrhage kit,0
EX-00062,2026-05-05,DEMO-08,HOSP-MD-002,MED-064,10,Normal,Completed,364.8,6,0,Outbreak response,1
EX-00063,2026-04-19,DEMO-08,HOSP-GD-002,MED-033,27,Normal,Completed,176.8,3,0,Chemo cycle demand,1
EX-00064,2026-01-29,DEMO-08,DEMO-07,MED-017,5,Normal,Completed,211.9,4,0,Low stock,1
EX-00065,2025-12-29,DEMO-01,DEMO-03,MED-006,91,Emergency,Completed,11.8,1,1,Pediatric surge,1
EX-00066,2026-03-27,DEMO-03,DEMO-08,MED-052,48,Normal,Completed,363.7,5,0,Low stock,1
EX-00067,2026-02-27,DEMO-08,HOSP-GD-002,MED-063,5,High,Completed,176.8,2,0,Monsoon surge,1
EX-00068,2026-02-19,HOSP-SP-003,HOSP-MD-002,MED-068,5,Emergency,Completed,457.5,6,0,Routine balancing,0
EX-00069,2026-03-22,DEMO-07,DEMO-03,MED-006,59,High,Completed,153.7,2,0,Emergency case load,1
EX-00070,2026-02-09,HOSP-KR-004,HOSP-GD-002,MED-056,5,Normal,In_Transit,118.4,1,0,Emergency case load,0
EX-00071,2026-03-12,DEMO-08,HOSP-GD-003,MED-039,5,High,Approved,277.9,5,0,Emergency case load,1
EX-00072,2026-05-23,HOSP-SP-003,HOSP-KP-003,MED-068,5,Normal,Completed,754.4,10,0,Surgical camp,0
EX-00073,2026-06-05,HOSP-BG-012,DEMO-08,MED-052,85,High,Completed,352.9,4,0,Chemo cycle demand,1
EX-00074,2026-03-09,DEMO-07,HOSP-GD-005,MED-069,53,Normal,Completed,3.4,1,1,Near-expiry redistribution,1
EX-00075,2026-01-13,HOSP-KR-003,DEMO-03,MED-028,5,Emergency,Completed,285.3,5,0,Chemo cycle demand,1
EX-00076,2026-04-29,DEMO-02,HOSP-BG-010,MED-018,161,Normal,Completed,88.9,1,1,Surgical camp,1
EX-00077,2026-02-21,DEMO-02,DEMO-06,MED-009,117,Normal,Completed,239.4,2,0,Low stock,1
EX-00078,2026-04-11,HOSP-GD-004,HOSP-LB-004,MED-053,5,Normal,In_Transit,143.5,3,0,Chemo cycle demand,0
EX-00079,2026-03-19,DEMO-02,DEMO-06,MED-021,203,High,Completed,239.4,3,0,Chemo cycle demand,1
EX-00080,2026-02-20,DEMO-07,DEMO-04,MED-067,33,Normal,Requested,142.3,3,0,Surgical camp,1
EX-00081,2026-05-31,HOSP-BG-012,HOSP-MD-001,MED-060,46,Emergency,Completed,123.7,2,0,Routine balancing,0
EX-00083,2026-05-05,DEMO-07,HOSP-SP-003,MED-055,108,Normal,Completed,309.5,3,0,Outbreak response,1
EX-00085,2026-04-26,DEMO-04,HOSP-LB-004,MED-055,50,High,Requested,245.2,5,0,Outbreak response,1
EX-00086,2026-02-02,HOSP-KP-001,HOSP-BG-019,MED-021,46,Normal,Completed,219.8,3,0,Surgical camp,0
EX-00087,2026-04-19,DEMO-04,DEMO-03,MED-035,27,Normal,Completed,11.9,1,1,Pediatric surge,1
EX-00088,2026-04-29,HOSP-KP-004,HOSP-MD-004,MED-038,7,Normal,Approved,164.0,3,0,Low stock,0
EX-00089,2026-03-07,HOSP-KR-004,DEMO-05,MED-038,5,High,Completed,300.1,3,0,Routine balancing,1
EX-00090,2026-04-01,DEMO-03,DEMO-02,MED-007,34,High,Completed,11.9,2,1,Pediatric surge,1
EX-00091,2026-03-08,DEMO-08,DEMO-01,MED-028,21,Normal,Completed,352.2,5,0,Outbreak response,1
EX-00092,2026-06-13,HOSP-KR-001,HOSP-SP-004,MED-072,56,Normal,Completed,127.4,2,0,Emergency case load,0
EX-00093,2026-04-03,DEMO-08,HOSP-KR-004,MED-004,19,High,Requested,76.2,1,1,Near-expiry redistribution,1
EX-00094,2026-03-29,DEMO-08,DEMO-03,MED-047,5,Normal,Completed,363.7,5,0,Chemo cycle demand,1
EX-00095,2026-02-10,HOSP-SP-002,HOSP-GD-002,MED-055,42,Normal,Completed,341.8,4,0,Near-expiry redistribution,0
EX-00096,2026-05-24,HOSP-KR-004,HOSP-SP-002,MED-070,30,Normal,Completed,224.4,2,0,Near-expiry redistribution,0
EX-00097,2026-06-07,DEMO-01,DEMO-06,MED-072,58,Normal,Completed,238.7,2,0,Routine balancing,1
EX-00098,2026-04-14,DEMO-07,HOSP-MD-004,MED-055,108,High,Completed,158.9,2,0,Surgical camp,1
EX-00099,2026-06-22,DEMO-03,DEMO-01,MED-008,142,High,Approved,11.8,1,1,Routine balancing,1
EX-00100,2026-03-25,DEMO-08,DEMO-03,MED-045,5,Normal,Completed,363.7,5,0,Postpartum hemorrhage kit,1
EX-00101,2026-02-23,HOSP-KR-003,HOSP-SP-004,MED-063,5,High,Completed,228.7,4,0,Postpartum hemorrhage kit,0
EX-00102,2026-02-10,DEMO-01,DEMO-05,MED-065,126,Normal,Completed,1.8,1,1,Emergency case load,1
EX-00103,2026-03-10,DEMO-03,DEMO-05,MED-006,129,Normal,Completed,10.8,1,1,Chemo cycle demand,1
EX-00104,2026-02-17,DEMO-04,HOSP-LB-005,MED-018,139,Normal,Completed,176.3,4,0,Chemo cycle demand,1
EX-00105,2026-04-02,HOSP-BG-019,DEMO-06,MED-018,25,Normal,In_Transit,240.3,5,0,Surgical camp,1
EX-00106,2026-03-27,DEMO-07,DEMO-01,MED-044,112,High,Requested,142.0,1,0,Emergency case load,1
EX-00107,2026-01-27,DEMO-01,DEMO-08,MED-023,75,Normal,Requested,352.2,6,0,Routine balancing,1
EX-00108,2026-04-28,HOSP-KR-004,HOSP-KP-004,MED-027,31,High,Approved,424.0,7,0,Chemo cycle demand,0
EX-00109,2026-06-08,DEMO-05,DEMO-01,MED-009,218,Normal,Completed,1.8,2,1,Emergency case load,1
EX-00110,2025-12-23,DEMO-08,DEMO-06,MED-014,5,Emergency,Completed,590.4,8,0,Outbreak response,1
EX-00111,2026-04-04,HOSP-LB-005,HOSP-LB-004,MED-048,207,High,Completed,71.3,2,1,Near-expiry redistribution,0
EX-00112,2025-12-29,DEMO-01,HOSP-MD-003,MED-007,36,High,Completed,104.7,1,0,Pediatric surge,1
EX-00113,2026-04-01,HOSP-LB-004,HOSP-KP-001,MED-006,20,High,Completed,458.7,5,0,Postpartum hemorrhage kit,0
EX-00114,2026-05-31,DEMO-04,DEMO-03,MED-070,193,Normal,Completed,11.9,1,1,Emergency case load,1
EX-00115,2026-03-08,HOSP-SP-004,HOSP-GD-005,MED-008,26,Normal,Completed,352.6,5,0,Pediatric surge,0
EX-00116,2026-04-04,DEMO-07,DEMO-06,MED-004,203,Normal,In_Transit,378.9,5,0,Low stock,1
EX-00117,2026-02-07,HOSP-BG-013,HOSP-GD-005,MED-046,12,Emergency,Rejected,145.5,2,0,Pediatric surge,0
EX-00118,2026-05-07,DEMO-07,DEMO-05,MED-004,153,Normal,In_Transit,143.2,3,0,Emergency case load,1
EX-00119,2026-05-18,DEMO-03,DEMO-06,MED-003,177,High,Completed,227.5,4,0,Low stock,1
EX-00120,2026-05-16,DEMO-08,DEMO-07,MED-005,44,High,In_Transit,211.9,2,0,Chemo cycle demand,1
EX-00121,2025-12-24,DEMO-08,DEMO-03,MED-026,26,Normal,Completed,363.7,4,0,Emergency case load,1
EX-00122,2025-12-20,DEMO-08,DEMO-05,MED-066,5,High,Completed,353.6,6,0,Low stock,1
EX-00123,2026-02-24,HOSP-GD-003,HOSP-KP-004,MED-045,5,High,Rejected,199.3,3,0,Outbreak response,0
EX-00124,2026-05-15,DEMO-02,DEMO-07,MED-052,194,Normal,Completed,142.1,3,0,Routine balancing,1
EX-00125,2026-02-08,DEMO-03,DEMO-06,MED-065,48,High,Completed,227.5,3,0,Low stock,1
EX-00126,2026-06-14,DEMO-08,DEMO-01,MED-022,36,Emergency,Completed,352.2,5,0,Chemo cycle demand,1
EX-00127,2026-03-08,HOSP-BG-019,HOSP-KR-001,MED-054,99,High,Completed,376.1,4,0,Monsoon surge,0
EX-00128,2026-05-22,DEMO-08,DEMO-07,MED-028,21,Normal,Completed,211.9,3,0,Postpartum hemorrhage kit,1
EX-00129,2026-05-14,HOSP-BG-011,HOSP-KR-001,MED-061,9,Normal,Completed,379.2,4,0,Outbreak response,0
EX-00130,2026-06-16,DEMO-05,DEMO-02,MED-052,108,Normal,Completed,5.2,2,1,Pediatric surge,1
EX-00131,2026-02-21,HOSP-KR-003,HOSP-KP-003,MED-044,5,High,Requested,576.8,8,0,Near-expiry redistribution,0
EX-00132,2026-01-13,DEMO-05,DEMO-06,MED-057,214,High,In_Transit,237.2,4,0,Routine balancing,1
EX-00133,2026-03-23,DEMO-08,DEMO-07,MED-052,32,Normal,Completed,211.9,4,0,Outbreak response,1
EX-00134,2026-02-21,HOSP-GD-004,HOSP-LB-001,MED-009,5,Normal,Completed,122.9,1,0,Outbreak response,0
EX-00136,2026-01-06,DEMO-06,DEMO-08,MED-008,134,Normal,Completed,590.4,8,0,Outbreak response,1
EX-00137,2025-12-21,DEMO-01,HOSP-SP-001,MED-072,55,Emergency,Completed,472.6,5,0,Low stock,1
EX-00138,2026-04-08,DEMO-01,DEMO-05,MED-038,86,Normal,Completed,1.8,2,1,Outbreak response,1
EX-00139,2026-03-30,DEMO-01,DEMO-07,MED-066,104,Emergency,Completed,142.0,1,0,Surgical camp,1
EX-00140,2026-03-12,DEMO-04,DEMO-01,MED-065,69,Normal,Completed,4.0,2,1,Monsoon surge,1
EX-00141,2025-12-24,DEMO-05,DEMO-04,MED-008,24,Normal,Completed,5.4,2,1,Emergency case load,1
EX-00142,2026-03-17,HOSP-BG-018,DEMO-05,MED-037,50,Normal,In_Transit,2.7,2,1,Routine balancing,1
EX-00143,2026-01-06,DEMO-08,DEMO-02,MED-007,18,Normal,Rejected,351.8,5,0,Emergency case load,1
EX-00144,2025-12-19,HOSP-BG-018,HOSP-BG-012,MED-002,32,High,Completed,4.0,1,1,Pediatric surge,0
EX-00145,2026-04-26,DEMO-08,HOSP-SP-002,MED-029,41,Normal,Completed,197.5,3,0,Emergency case load,1
EX-00146,2026-03-03,DEMO-05,DEMO-03,MED-020,162,High,Completed,10.8,1,1,Low stock,1
EX-00147,2026-02-16,HOSP-GD-002,HOSP-GD-005,MED-039,23,Normal,Completed,39.3,2,1,Routine balancing,0
EX-00148,2026-04-10,HOSP-SP-003,HOSP-BG-018,MED-011,24,Emergency,Rejected,453.8,6,0,Pediatric surge,0
EX-00149,2025-12-26,DEMO-07,DEMO-08,MED-061,108,Emergency,Rejected,211.9,4,0,Postpartum hemorrhage kit,1
EX-00150,2026-03-12,DEMO-08,HOSP-KP-001,MED-062,5,Normal,Completed,570.8,7,0,Postpartum hemorrhage kit,1
EX-00152,2026-05-14,DEMO-02,DEMO-06,MED-040,216,Normal,Approved,239.4,4,0,Surgical camp,1
EX-00153,2026-06-27,DEMO-05,HOSP-BG-010,MED-069,88,Normal,Completed,87.7,2,1,Outbreak response,1
EX-00154,2026-03-14,DEMO-08,HOSP-SP-001,MED-006,33,Normal,Completed,165.5,4,0,Near-expiry redistribution,1
EX-00155,2026-01-07,DEMO-02,HOSP-LB-005,MED-018,39,Emergency,Completed,176.1,4,0,Postpartum hemorrhage kit,1
EX-00156,2026-06-15,DEMO-06,DEMO-03,MED-042,24,High,Approved,227.5,3,0,Surgical camp,1
EX-00157,2025-12-20,HOSP-KR-003,HOSP-BG-018,MED-022,5,Emergency,Completed,276.9,3,0,Routine balancing,0
EX-00158,2026-05-24,DEMO-08,DEMO-07,MED-017,5,Normal,Completed,211.9,4,0,Outbreak response,1
EX-00159,2026-02-05,HOSP-KR-004,HOSP-BG-013,MED-033,25,Normal,Completed,301.2,4,0,Pediatric surge,0
EX-00160,2026-01-03,HOSP-LB-005,DEMO-02,MED-036,46,Normal,Completed,176.1,3,0,Near-expiry redistribution,1
EX-00161,2026-01-29,HOSP-BG-012,DEMO-02,MED-038,74,Normal,Completed,3.9,1,1,Postpartum hemorrhage kit,1
EX-00162,2026-06-08,HOSP-BG-019,HOSP-KP-003,MED-014,118,Normal,In_Transit,304.6,3,0,Monsoon surge,0
EX-00163,2025-12-27,DEMO-08,HOSP-KP-001,MED-065,5,Normal,Completed,570.8,8,0,Routine balancing,1
EX-00164,2026-02-07,DEMO-07,DEMO-05,MED-008,179,Normal,Completed,143.2,2,0,Pediatric surge,1
EX-00165,2025-12-20,DEMO-08,DEMO-03,MED-023,5,High,Completed,363.7,5,0,Surgical camp,1
EX-00166,2026-04-20,HOSP-GD-005,DEMO-04,MED-035,51,Emergency,Requested,143.1,3,0,Low stock,1
EX-00167,2026-03-17,HOSP-KR-003,HOSP-LB-002,MED-014,5,Normal,Completed,160.5,4,0,Near-expiry redistribution,0
EX-00169,2026-04-22,DEMO-08,DEMO-02,MED-007,36,Normal,Completed,351.8,4,0,Routine balancing,1
EX-00170,2026-04-28,DEMO-03,DEMO-01,MED-070,129,High,Completed,11.8,1,1,Routine balancing,1
EX-00172,2026-05-01,DEMO-05,DEMO-02,MED-006,5,Normal,Requested,5.2,1,1,Monsoon surge,1
EX-00173,2026-02-25,DEMO-08,DEMO-01,MED-062,5,Emergency,Completed,352.2,5,0,Outbreak response,1
EX-00174,2026-02-02,DEMO-08,DEMO-05,MED-006,32,High,Completed,353.6,4,0,Near-expiry redistribution,1
EX-00176,2026-06-04,HOSP-GD-004,HOSP-MD-004,MED-029,5,Normal,Completed,182.0,4,0,Low stock,0
EX-00177,2026-01-25,HOSP-KR-003,DEMO-05,MED-038,5,High,Requested,275.2,3,0,Routine balancing,1
EX-00178,2026-05-03,DEMO-04,DEMO-01,MED-070,73,Emergency,Completed,4.0,1,1,Chemo cycle demand,1
EX-00179,2026-05-08,DEMO-02,HOSP-KP-004,MED-065,160,Normal,Completed,124.8,1,0,Low stock,1
EX-00180,2026-02-26,HOSP-GD-004,DEMO-06,MED-015,5,Normal,Completed,379.5,5,0,Emergency case load,1
EX-00181,2025-12-30,HOSP-BG-016,HOSP-LB-003,MED-067,51,Normal,Completed,259.7,4,0,Near-expiry redistribution,0
EX-00182,2026-05-19,HOSP-GD-003,DEMO-06,MED-045,5,High,Completed,312.5,3,0,Chemo cycle demand,1
EX-00183,2025-12-19,DEMO-01,DEMO-03,MED-004,220,Normal,Completed,11.8,1,1,Chemo cycle demand,1
EX-00184,2026-06-28,HOSP-BG-012,HOSP-LB-003,MED-037,74,Normal,Completed,281.2,4,0,Pediatric surge,0
EX-00185,2025-12-22,HOSP-KR-004,HOSP-GD-004,MED-033,25,Normal,Approved,175.1,2,0,Near-expiry redistribution,0
EX-00186,2026-01-10,DEMO-07,DEMO-04,MED-055,62,Emergency,Completed,142.3,3,0,Postpartum hemorrhage kit,1
EX-00187,2026-03-09,DEMO-01,HOSP-KR-001,MED-055,78,Emergency,Completed,375.9,4,0,Emergency case load,1
EX-00188,2026-05-25,DEMO-03,HOSP-LB-003,MED-018,131,High,Rejected,292.2,5,0,Surgical camp,1
EX-00189,2026-02-24,HOSP-BG-017,HOSP-SP-001,MED-008,20,Normal,Rejected,509.2,7,0,Pediatric surge,0
EX-00190,2026-01-29,HOSP-SP-003,HOSP-LB-003,MED-056,5,Normal,Approved,209.5,4,0,Monsoon surge,0
EX-00191,2026-01-02,DEMO-02,DEMO-08,MED-065,122,High,Completed,351.8,4,0,Chemo cycle demand,1
EX-00192,2026-04-22,HOSP-LB-004,HOSP-BG-017,MED-072,5,Normal,Completed,281.9,5,0,Emergency case load,0
EX-00193,2025-12-29,HOSP-KP-004,DEMO-02,MED-025,20,Normal,Completed,124.8,1,0,Near-expiry redistribution,1
EX-00194,2026-04-27,HOSP-KR-003,HOSP-BG-011,MED-026,5,High,Completed,276.7,4,0,Postpartum hemorrhage kit,0
EX-00195,2026-03-13,HOSP-GD-004,HOSP-KP-003,MED-004,5,Normal,Approved,440.8,6,0,Low stock,0
EX-00196,2026-06-18,HOSP-GD-004,HOSP-LB-003,MED-054,5,Normal,Completed,181.2,2,0,Surgical camp,0
EX-00198,2025-12-21,HOSP-BG-017,HOSP-MD-001,MED-008,20,Emergency,Completed,118.5,1,0,Low stock,0
EX-00199,2026-04-28,HOSP-LB-002,HOSP-KP-001,MED-010,14,High,In_Transit,576.2,7,0,Near-expiry redistribution,0
EX-00200,2025-12-23,HOSP-KP-004,HOSP-MD-003,MED-064,5,Emergency,Completed,136.1,2,0,Postpartum hemorrhage kit,0
EX-00201,2026-03-15,HOSP-BG-012,HOSP-KR-003,MED-030,20,High,Completed,274.5,5,0,Near-expiry redistribution,0
EX-00202,2026-05-17,DEMO-02,DEMO-05,MED-060,136,Normal,Approved,5.2,2,1,Chemo cycle demand,1
EX-00203,2026-02-13,DEMO-01,DEMO-08,MED-056,135,High,Completed,352.2,6,0,Monsoon surge,1
EX-00204,2026-03-25,DEMO-03,DEMO-04,MED-009,53,Normal,Approved,11.9,2,1,Low stock,1
EX-00205,2026-02-06,DEMO-07,HOSP-GD-002,MED-062,112,High,Approved,39.3,1,1,Low stock,1
EX-00206,2026-03-13,DEMO-04,DEMO-06,MED-007,168,Normal,Completed,239.3,2,0,Chemo cycle demand,1
EX-00207,2026-03-23,HOSP-KR-003,HOSP-LB-002,MED-022,5,Normal,Completed,160.5,4,0,Emergency case load,0
EX-00208,2026-02-02,DEMO-03,DEMO-07,MED-049,34,Emergency,In_Transit,153.7,1,0,Low stock,1
EX-00209,2025-12-13,HOSP-SP-004,HOSP-BG-010,MED-008,26,High,Completed,417.6,7,0,Surgical camp,0
EX-00210,2026-01-05,DEMO-08,DEMO-02,MED-025,10,High,Completed,351.8,5,0,Routine balancing,1
EX-00211,2025-12-17,HOSP-KR-004,DEMO-02,MED-009,17,Normal,Completed,299.3,3,0,Monsoon surge,1
EX-00212,2026-03-16,DEMO-02,DEMO-03,MED-065,127,Normal,Completed,11.9,1,1,Postpartum hemorrhage kit,1
EX-00213,2026-05-11,DEMO-07,DEMO-05,MED-027,188,Emergency,Completed,143.2,1,0,Routine balancing,1
EX-00214,2026-06-01,HOSP-GD-002,DEMO-06,MED-039,23,High,Completed,416.0,6,0,Pediatric surge,1
EX-00216,2026-03-12,HOSP-BG-012,HOSP-LB-003,MED-069,83,Emergency,Completed,281.2,4,0,Routine balancing,0
EX-00217,2025-12-29,HOSP-SP-003,HOSP-KP-004,MED-037,5,Normal,In_Transit,574.9,8,0,Low stock,0
EX-00218,2026-01-11,DEMO-01,HOSP-KP-003,MED-045,27,Emergency,Requested,303.9,4,0,Emergency case load,1
EX-00219,2025-12-15,DEMO-08,DEMO-02,MED-065,5,Normal,Completed,351.8,6,0,Routine balancing,1
EX-00221,2026-02-01,DEMO-03,HOSP-BG-010,MED-051,14,High,Requested,98.3,2,1,Emergency case load,1
EX-00222,2026-04-26,DEMO-05,HOSP-BG-011,MED-058,24,Emergency,Approved,3.2,1,1,Routine balancing,1
EX-00223,2026-01-31,DEMO-05,HOSP-LB-003,MED-057,182,High,In_Transit,281.4,3,0,Pediatric surge,1
EX-00224,2025-12-29,DEMO-01,DEMO-08,MED-004,147,Emergency,Requested,352.2,6,0,Emergency case load,1
EX-00225,2026-06-24,HOSP-BG-016,HOSP-SP-004,MED-017,15,Normal,Completed,482.7,6,0,Pediatric surge,0
EX-00226,2026-01-10,DEMO-08,HOSP-LB-003,MED-034,5,Normal,Completed,140.3,1,0,Emergency case load,1
EX-00227,2026-06-23,DEMO-04,DEMO-08,MED-068,50,High,Completed,351.9,5,0,Surgical camp,1
EX-00228,2025-12-28,HOSP-BG-012,HOSP-KP-004,MED-048,75,Normal,Completed,124.4,2,0,Postpartum hemorrhage kit,0
EX-00229,2026-01-21,HOSP-GD-003,HOSP-GD-005,MED-017,5,High,Completed,68.5,2,1,Chemo cycle demand,0
EX-00230,2026-05-20,DEMO-08,DEMO-01,MED-026,5,Normal,Completed,352.2,4,0,Pediatric surge,1
EX-00231,2026-03-01,DEMO-01,DEMO-02,MED-056,38,Normal,Approved,3.8,2,1,Monsoon surge,1
EX-00232,2026-05-20,DEMO-02,DEMO-08,MED-058,78,Normal,In_Transit,351.8,4,0,Surgical camp,1
EX-00233,2026-06-06,DEMO-01,DEMO-04,MED-024,55,Normal,Completed,4.0,1,1,Low stock,1
EX-00234,2026-03-31,DEMO-08,DEMO-02,MED-039,75,Normal,Completed,351.8,4,0,Low stock,1
EX-00235,2026-03-23,DEMO-02,HOSP-KR-001,MED-064,193,Normal,Completed,376.5,6,0,Low stock,1
EX-00236,2026-03-09,DEMO-04,DEMO-07,MED-013,91,Normal,Completed,142.3,1,0,Near-expiry redistribution,1
EX-00237,2025-12-14,DEMO-05,DEMO-04,MED-061,108,High,In_Transit,5.4,1,1,Chemo cycle demand,1
EX-00238,2026-04-21,DEMO-08,HOSP-BG-014,MED-070,5,Normal,Completed,355.4,5,0,Pediatric surge,1
EX-00239,2026-02-24,DEMO-08,DEMO-04,MED-031,75,Normal,Completed,351.9,6,0,Postpartum hemorrhage kit,1
EX-00240,2026-06-01,DEMO-04,HOSP-KR-003,MED-070,59,Emergency,Approved,273.5,3,0,Emergency case load,1
EX-00241,2026-04-30,DEMO-08,DEMO-01,MED-010,27,High,Completed,352.2,6,0,Near-expiry redistribution,1
EX-00242,2026-02-13,DEMO-08,HOSP-MD-002,MED-003,58,Emergency,Completed,364.8,6,0,Outbreak response,1
EX-00243,2026-05-04,HOSP-BG-017,HOSP-GD-002,MED-021,26,Emergency,In_Transit,215.7,2,0,Postpartum hemorrhage kit,0
EX-00244,2026-03-07,DEMO-01,DEMO-04,MED-045,74,Normal,In_Transit,4.0,2,1,Emergency case load,1
EX-00245,2026-04-16,DEMO-08,DEMO-02,MED-064,18,Normal,Completed,351.8,4,0,Postpartum hemorrhage kit,1
EX-00246,2026-03-07,DEMO-04,DEMO-06,MED-035,96,High,Requested,239.3,4,0,Postpartum hemorrhage kit,1
EX-00247,2026-05-30,DEMO-03,HOSP-BG-013,MED-016,34,Normal,Approved,10.4,2,1,Low stock,1
EX-00248,2026-03-03,DEMO-08,DEMO-07,MED-056,20,High,Completed,211.9,2,0,Emergency case load,1
EX-00249,2025-12-25,HOSP-BG-014,HOSP-BG-013,MED-007,61,Emergency,Completed,3.2,1,1,Surgical camp,0
EX-00250,2026-06-04,HOSP-BG-017,HOSP-MD-003,MED-046,5,Normal,Completed,120.8,3,0,Postpartum hemorrhage kit,0
EX-00251,2026-02-08,DEMO-02,DEMO-06,MED-001,231,Normal,Completed,239.4,4,0,Emergency case load,1
EX-00252,2026-03-27,DEMO-02,HOSP-KP-001,MED-058,43,Emergency,Completed,219.1,4,0,Pediatric surge,1
EX-00253,2026-03-01,HOSP-GD-005,HOSP-GD-004,MED-036,223,Normal,Completed,42.9,2,1,Near-expiry redistribution,0
EX-00254,2026-04-13,DEMO-03,HOSP-GD-003,MED-015,108,Normal,Requested,86.2,2,0,Outbreak response,1
EX-00255,2026-05-03,DEMO-08,HOSP-KR-003,MED-062,5,High,Completed,78.4,1,1,Chemo cycle demand,1
EX-00256,2026-06-25,HOSP-BG-016,HOSP-MD-004,MED-017,15,High,Completed,47.8,1,0,Low stock,0
EX-00257,2026-05-25,DEMO-08,DEMO-07,MED-002,20,Emergency,Approved,211.9,3,0,Emergency case load,1
EX-00258,2026-03-13,DEMO-02,HOSP-MD-002,MED-038,101,Normal,Completed,92.3,2,0,Low stock,1
EX-00259,2026-04-18,HOSP-BG-014,HOSP-LB-001,MED-037,134,Normal,Completed,186.5,3,0,Low stock,0
EX-00260,2026-01-25,HOSP-BG-013,HOSP-GD-002,MED-024,209,High,Rejected,182.8,2,0,Postpartum hemorrhage kit,0
EX-00261,2026-04-21,HOSP-SP-003,HOSP-GD-004,MED-062,5,Normal,Approved,315.6,4,0,Chemo cycle demand,0
EX-00262,2026-06-10,DEMO-08,DEMO-01,MED-050,10,High,Completed,352.2,6,0,Low stock,1
EX-00263,2026-02-24,HOSP-KR-003,HOSP-SP-004,MED-036,5,Normal,Rejected,228.7,4,0,Low stock,0
EX-00264,2026-03-06,DEMO-03,DEMO-01,MED-058,13,High,In_Transit,11.8,2,1,Routine balancing,1
EX-00265,2025-12-30,HOSP-GD-002,HOSP-MD-001,MED-026,25,Normal,Completed,287.1,3,0,Emergency case load,0
EX-00266,2026-05-12,HOSP-BG-017,HOSP-BG-010,MED-038,8,High,Approved,127.1,2,1,Emergency case load,0
EX-00268,2026-06-28,DEMO-02,DEMO-06,MED-023,214,Normal,In_Transit,239.4,3,0,Chemo cycle demand,1
EX-00269,2026-01-26,HOSP-GD-004,HOSP-KR-001,MED-011,6,Normal,In_Transit,256.4,3,0,Low stock,0
EX-00270,2026-02-06,DEMO-04,DEMO-05,MED-018,87,High,Rejected,5.4,2,1,Chemo cycle demand,1
EX-00271,2026-06-08,DEMO-05,DEMO-03,MED-020,171,High,Completed,10.8,1,1,Postpartum hemorrhage kit,1
EX-00272,2026-06-13,HOSP-GD-004,DEMO-02,MED-069,5,High,Completed,140.4,3,0,Outbreak response,1
EX-00273,2026-02-16,DEMO-03,DEMO-07,MED-008,219,Normal,Completed,153.7,1,0,Chemo cycle demand,1
EX-00274,2026-04-20,HOSP-BG-016,HOSP-KP-004,MED-030,43,Normal,Completed,145.9,3,0,Surgical camp,0
EX-00275,2026-02-23,HOSP-KP-001,HOSP-KR-003,MED-029,210,Emergency,Approved,492.4,6,0,Monsoon surge,0
EX-00276,2026-04-23,HOSP-GD-002,HOSP-BG-016,MED-038,34,Normal,Completed,169.9,2,0,Pediatric surge,0
EX-00277,2026-05-21,DEMO-08,DEMO-02,MED-055,5,Emergency,Rejected,351.8,4,0,Chemo cycle demand,1
EX-00278,2026-04-23,DEMO-04,DEMO-07,MED-042,26,Emergency,Completed,142.3,3,0,Outbreak response,1
EX-00279,2026-06-02,DEMO-02,DEMO-08,MED-017,153,High,Approved,351.8,5,0,Monsoon surge,1
EX-00280,2026-02-27,DEMO-04,DEMO-03,MED-038,180,Normal,Completed,11.9,1,1,Postpartum hemorrhage kit,1
EX-00281,2026-03-20,HOSP-KR-004,HOSP-BG-014,MED-023,30,Normal,Rejected,302.1,5,0,Low stock,0
EX-00283,2026-02-04,HOSP-BG-011,DEMO-02,MED-032,68,Normal,In_Transit,3.9,2,1,Surgical camp,1
EX-00284,2026-05-14,DEMO-02,HOSP-MD-003,MED-038,110,Normal,Completed,108.2,3,0,Outbreak response,1
EX-00285,2026-04-29,DEMO-08,DEMO-06,MED-025,5,Normal,Requested,590.4,8,0,Low stock,1
EX-00286,2026-06-28,DEMO-01,DEMO-02,MED-065,92,Emergency,In_Transit,3.8,1,1,Chemo cycle demand,1
EX-00287,2026-04-20,HOSP-GD-005,HOSP-MD-002,MED-072,32,High,Completed,162.3,3,0,Pediatric surge,0
EX-00288,2026-05-02,HOSP-KR-001,HOSP-KP-004,MED-005,33,High,In_Transit,500.8,6,0,Surgical camp,0
EX-00289,2026-06-12,DEMO-08,DEMO-03,MED-071,5,High,Completed,363.7,4,0,Postpartum hemorrhage kit,1
EX-00290,2026-06-01,DEMO-02,DEMO-04,MED-023,173,High,Completed,0.3,1,1,Low stock,1
EX-00291,2025-12-20,DEMO-07,HOSP-BG-010,MED-008,206,Normal,Completed,74.2,1,0,Near-expiry redistribution,1
EX-00292,2026-02-03,DEMO-07,HOSP-KR-001,MED-008,95,Emergency,Completed,235.8,4,0,Routine balancing,1
EX-00293,2026-06-27,DEMO-08,DEMO-01,MED-006,32,High,Completed,352.2,4,0,Near-expiry redistribution,1
EX-00294,2026-06-07,DEMO-05,DEMO-03,MED-023,68,Emergency,In_Transit,10.8,1,1,Surgical camp,1
EX-00295,2026-02-24,DEMO-01,HOSP-BG-018,MED-069,93,Normal,Rejected,4.5,2,1,Surgical camp,1
EX-00296,2026-04-01,DEMO-05,DEMO-02,MED-016,75,Normal,Completed,5.2,1,1,Pediatric surge,1
EX-00298,2026-03-19,DEMO-04,DEMO-01,MED-029,107,Normal,In_Transit,4.0,1,1,Outbreak response,1
EX-00299,2026-04-20,DEMO-04,DEMO-03,MED-015,14,Normal,Completed,11.9,1,1,Monsoon surge,1
EX-00300,2026-03-04,DEMO-01,DEMO-07,MED-060,75,High,Completed,142.0,3,0,Near-expiry redistribution,1
EX-00301,2026-04-10,DEMO-08,HOSP-KP-003,MED-003,31,Normal,Approved,655.2,9,0,Postpartum hemorrhage kit,1
EX-00302,2026-01-15,DEMO-04,DEMO-07,MED-039,227,Normal,Completed,142.3,1,0,Low stock,1
EX-00303,2026-02-25,DEMO-01,DEMO-06,MED-067,248,High,In_Transit,238.7,2,0,Near-expiry redistribution,1
EX-00304,2026-01-27,HOSP-BG-016,HOSP-KR-004,MED-011,15,Emergency,Completed,286.5,4,0,Routine balancing,0
EX-00305,2026-05-19,DEMO-02,DEMO-06,MED-005,148,High,Completed,239.4,3,0,Surgical camp,1
EX-00306,2026-02-28,DEMO-07,DEMO-02,MED-039,23,High,Rejected,142.1,3,0,Routine balancing,1
EX-00307,2026-02-14,HOSP-KP-001,DEMO-05,MED-051,189,Normal,Completed,217.6,3,0,Near-expiry redistribution,1
EX-00308,2026-06-02,HOSP-BG-012,HOSP-MD-004,MED-054,38,High,Completed,87.4,1,0,Emergency case load,0
EX-00309,2026-01-10,HOSP-GD-004,HOSP-GD-005,MED-061,5,High,Completed,42.9,1,1,Low stock,0
EX-00310,2026-05-26,DEMO-08,DEMO-03,MED-017,5,Emergency,Approved,363.7,4,0,Surgical camp,1
EX-00311,2025-12-31,HOSP-BG-017,HOSP-BG-014,MED-008,20,High,Rejected,38.1,1,1,Routine balancing,0
EX-00313,2026-02-22,DEMO-02,HOSP-LB-003,MED-049,99,High,Rejected,281.6,5,0,Monsoon surge,1
EX-00314,2026-05-13,DEMO-01,HOSP-GD-002,MED-067,80,Normal,Completed,180.6,3,0,Near-expiry redistribution,1
EX-00315,2026-04-29,DEMO-07,DEMO-05,MED-004,52,Emergency,Completed,143.2,1,0,Emergency case load,1
EX-00316,2026-02-26,HOSP-BG-011,HOSP-GD-003,MED-007,73,Normal,Rejected,77.6,1,0,Monsoon surge,0
EX-00317,2026-06-17,HOSP-GD-004,HOSP-KP-001,MED-030,5,Emergency,Completed,357.3,4,0,Emergency case load,0
EX-00318,2026-06-08,HOSP-SP-004,DEMO-06,MED-054,5,Normal,Completed,729.8,9,0,Low stock,1
EX-00319,2025-12-21,DEMO-03,DEMO-07,MED-058,13,High,Rejected,153.7,3,0,Low stock,1
EX-00320,2026-02-12,DEMO-01,DEMO-07,MED-060,78,High,Completed,142.0,1,0,Low stock,1
EX-00321,2026-04-02,DEMO-04,DEMO-06,MED-041,26,High,Requested,239.3,4,0,Postpartum hemorrhage kit,1
EX-00323,2026-01-17,DEMO-03,DEMO-05,MED-027,14,Normal,Completed,10.8,2,1,Pediatric surge,1
EX-00324,2026-06-16,DEMO-08,HOSP-LB-001,MED-065,5,Emergency,Approved,214.3,4,0,Monsoon surge,1
EX-00325,2026-03-21,DEMO-08,DEMO-05,MED-005,19,Emergency,Completed,353.6,4,0,Postpartum hemorrhage kit,1
EX-00326,2026-05-11,HOSP-GD-002,HOSP-LB-002,MED-068,6,Normal,Completed,195.1,2,0,Pediatric surge,0
EX-00327,2026-05-25,HOSP-KR-004,HOSP-GD-004,MED-062,5,Emergency,Completed,175.1,3,0,Surgical camp,0
EX-00328,2026-06-08,HOSP-KP-004,DEMO-07,MED-038,7,High,Approved,267.0,5,0,Outbreak response,1
EX-00329,2026-05-13,DEMO-08,DEMO-04,MED-007,20,Normal,Completed,351.9,5,0,Routine balancing,1
EX-00330,2026-02-24,DEMO-08,DEMO-04,MED-050,10,High,Requested,351.9,5,0,Outbreak response,1
EX-00331,2025-12-17,DEMO-05,HOSP-MD-002,MED-037,227,High,Completed,87.3,2,0,Routine balancing,1
EX-00332,2026-06-20,DEMO-01,HOSP-LB-003,MED-024,180,High,Completed,280.6,3,0,Surgical camp,1
EX-00333,2025-12-30,HOSP-GD-004,HOSP-SP-001,MED-015,5,Emergency,Rejected,353.6,6,0,Pediatric surge,0
EX-00334,2026-06-21,HOSP-KR-004,HOSP-LB-001,MED-023,5,Normal,Completed,142.4,2,0,Surgical camp,0
EX-00335,2026-02-23,DEMO-08,DEMO-07,MED-007,20,High,In_Transit,211.9,3,0,Emergency case load,1
EX-00336,2026-04-14,DEMO-08,HOSP-GD-004,MED-029,41,Normal,Completed,215.6,2,0,Near-expiry redistribution,1
EX-00338,2026-04-14,HOSP-BG-012,HOSP-LB-005,MED-062,159,Emergency,Completed,175.5,3,0,Pediatric surge,0
EX-00339,2026-01-03,DEMO-01,HOSP-BG-018,MED-066,117,Normal,Completed,4.5,1,1,Routine balancing,1
EX-00340,2026-06-11,DEMO-07,DEMO-04,MED-012,210,Emergency,Completed,142.3,1,0,Chemo cycle demand,1
EX-00341,2026-05-31,HOSP-KP-001,HOSP-MD-002,MED-026,119,High,Requested,239.8,4,0,Surgical camp,0
EX-00342,2026-01-22,DEMO-08,DEMO-03,MED-050,10,Normal,Rejected,363.7,5,0,Low stock,1
EX-00343,2026-06-28,DEMO-03,DEMO-07,MED-052,13,Normal,Approved,153.7,3,0,Monsoon surge,1
EX-00344,2026-06-26,HOSP-KR-001,HOSP-BG-015,MED-014,224,Normal,Completed,400.2,7,0,Low stock,0
EX-00345,2026-03-06,HOSP-SP-003,HOSP-GD-005,MED-024,5,Normal,Completed,308.2,5,0,Near-expiry redistribution,0
EX-00346,2026-01-16,HOSP-KR-003,HOSP-BG-019,MED-021,5,Normal,Completed,272.7,4,0,Surgical camp,0
EX-00347,2026-05-14,HOSP-SP-004,HOSP-KP-001,MED-006,9,High,Completed,713.8,10,0,Emergency case load,0
EX-00348,2026-05-09,HOSP-GD-005,HOSP-GD-004,MED-072,241,Normal,Completed,42.9,1,1,Chemo cycle demand,0
EX-00349,2026-05-10,DEMO-05,HOSP-LB-001,MED-022,85,High,Completed,184.3,4,0,Emergency case load,1
EX-00350,2026-03-06,DEMO-03,DEMO-07,MED-023,13,Normal,Completed,153.7,1,0,Chemo cycle demand,1
EX-00351,2026-03-24,DEMO-08,HOSP-LB-004,MED-003,58,Normal,Completed,146.7,3,0,Emergency case load,1
EX-00352,2026-05-18,DEMO-08,HOSP-BG-012,MED-029,41,High,Completed,352.9,4,0,Low stock,1
EX-00353,2026-04-13,DEMO-08,HOSP-MD-002,MED-070,9,Normal,Approved,364.8,4,0,Pediatric surge,1
EX-00354,2026-01-27,DEMO-03,HOSP-LB-004,MED-071,30,Normal,Completed,255.8,5,0,Monsoon surge,1
EX-00356,2026-01-17,DEMO-02,DEMO-06,MED-017,67,Normal,Completed,239.4,4,0,Chemo cycle demand,1
EX-00357,2026-04-22,DEMO-04,DEMO-02,MED-057,138,Normal,Requested,0.3,2,1,Outbreak response,1
EX-00359,2025-12-22,DEMO-08,DEMO-04,MED-050,10,Emergency,In_Transit,351.9,6,0,Postpartum hemorrhage kit,1
EX-00360,2026-03-07,DEMO-08,DEMO-03,MED-005,26,Emergency,Completed,363.7,6,0,Routine balancing,1
EX-00361,2026-01-04,DEMO-08,HOSP-KP-004,MED-031,5,Normal,Completed,475.7,5,0,Pediatric surge,1
EX-00362,2026-04-02,HOSP-SP-002,HOSP-LB-004,MED-020,42,Normal,Completed,280.0,5,0,Monsoon surge,0
EX-00363,2026-03-13,HOSP-KP-001,HOSP-KR-003,MED-008,219,High,Completed,492.4,8,0,Pediatric surge,0
EX-00364,2026-04-17,DEMO-04,HOSP-BG-011,MED-045,33,Normal,Completed,3.9,2,1,Postpartum hemorrhage kit,1
EX-00365,2026-06-04,DEMO-08,DEMO-07,MED-002,20,Emergency,Completed,211.9,3,0,Chemo cycle demand,1
EX-00366,2026-03-20,DEMO-05,DEMO-07,MED-044,172,Normal,Completed,143.2,2,0,Chemo cycle demand,1
EX-00367,2026-01-15,DEMO-08,HOSP-SP-001,MED-003,49,Normal,Approved,165.5,3,0,Outbreak response,1
EX-00368,2026-01-14,DEMO-08,DEMO-05,MED-045,5,Emergency,Completed,353.6,5,0,Low stock,1
EX-00369,2026-01-29,DEMO-08,HOSP-BG-015,MED-053,9,High,Completed,376.4,6,0,Chemo cycle demand,1
EX-00370,2026-03-01,DEMO-08,HOSP-SP-002,MED-065,5,High,Completed,197.5,3,0,Low stock,1
EX-00371,2026-02-06,HOSP-SP-004,DEMO-02,MED-046,5,Normal,Completed,495.6,7,0,Routine balancing,1
EX-00372,2026-06-10,HOSP-BG-017,DEMO-03,MED-043,5,Normal,Requested,30.7,1,1,Outbreak response,1
EX-00373,2026-03-22,HOSP-GD-004,HOSP-BG-010,MED-003,5,High,Completed,100.2,1,0,Near-expiry redistribution,0
EX-00374,2025-12-15,DEMO-02,DEMO-04,MED-048,107,Emergency,Requested,0.3,1,1,Monsoon surge,1
EX-00375,2026-01-03,DEMO-02,DEMO-01,MED-071,87,Normal,Completed,3.8,1,1,Low stock,1
EX-00376,2026-03-21,DEMO-08,DEMO-05,MED-027,21,Normal,Completed,353.6,6,0,Near-expiry redistribution,1
EX-00377,2026-03-11,HOSP-GD-002,HOSP-SP-004,MED-037,28,Normal,Completed,314.9,4,0,Postpartum hemorrhage kit,0
EX-00378,2026-03-24,DEMO-02,DEMO-07,MED-070,95,High,Completed,142.1,3,0,Postpartum hemorrhage kit,1
EX-00379,2026-05-28,DEMO-02,HOSP-MD-002,MED-004,239,Normal,Completed,92.3,2,0,Routine balancing,1
EX-00380,2026-05-05,DEMO-04,DEMO-03,MED-037,46,Normal,Requested,11.9,2,1,Near-expiry redistribution,1
EX-00381,2026-05-16,HOSP-GD-003,HOSP-BG-019,MED-061,5,High,Completed,73.9,2,0,Surgical camp,0
EX-00382,2026-03-29,DEMO-05,DEMO-02,MED-029,17,Normal,Rejected,5.2,1,1,Postpartum hemorrhage kit,1
EX-00383,2026-03-29,HOSP-KP-001,HOSP-BG-016,MED-044,194,Normal,In_Transit,233.4,3,0,Outbreak response,0
EX-00384,2026-01-27,DEMO-05,DEMO-03,MED-070,90,High,Completed,10.8,2,1,Surgical camp,1
EX-00385,2026-01-17,HOSP-BG-017,DEMO-07,MED-002,13,Emergency,Rejected,176.5,3,0,Pediatric surge,1
EX-00386,2026-05-13,DEMO-08,DEMO-05,MED-050,20,Normal,Completed,353.6,5,0,Postpartum hemorrhage kit,1
EX-00387,2026-04-07,HOSP-BG-012,HOSP-BG-017,MED-056,15,Normal,Requested,39.9,1,1,Near-expiry redistribution,0
EX-00388,2025-12-17,DEMO-08,DEMO-04,MED-019,9,High,Completed,351.9,6,0,Routine balancing,1
EX-00391,2026-01-18,DEMO-08,HOSP-LB-001,MED-006,33,Emergency,Completed,214.3,4,0,Chemo cycle demand,1
EX-00392,2026-02-04,DEMO-04,DEMO-01,MED-062,50,High,Completed,4.0,1,1,Postpartum hemorrhage kit,1
EX-00393,2026-02-18,DEMO-01,DEMO-07,MED-023,168,Emergency,Completed,142.0,1,0,Monsoon surge,1
EX-00394,2026-04-17,HOSP-BG-019,HOSP-MD-001,MED-046,201,Emergency,Completed,127.9,3,0,Chemo cycle demand,0
EX-00395,2026-01-25,DEMO-08,HOSP-KP-001,MED-015,5,High,Completed,570.8,7,0,Surgical camp,1
EX-00396,2026-01-26,HOSP-BG-011,HOSP-MD-001,MED-046,5,Emergency,Requested,122.6,1,0,Routine balancing,0
EX-00397,2025-12-19,DEMO-08,DEMO-07,MED-002,20,Normal,Completed,211.9,3,0,Emergency case load,1
EX-00398,2026-06-12,HOSP-GD-005,DEMO-06,MED-072,193,Normal,Completed,380.2,5,0,Near-expiry redistribution,1
EX-00399,2026-01-09,DEMO-08,DEMO-06,MED-045,5,High,Completed,590.4,7,0,Postpartum hemorrhage kit,1
EX-00401,2026-03-01,HOSP-KR-003,HOSP-MD-001,MED-031,5,High,Completed,386.6,6,0,Emergency case load,0
EX-00402,2026-02-26,DEMO-02,DEMO-06,MED-038,44,High,Completed,239.4,4,0,Postpartum hemorrhage kit,1
EX-00405,2026-03-27,HOSP-GD-005,HOSP-MD-004,MED-041,59,High,Completed,161.5,2,0,Near-expiry redistribution,0
EX-00406,2026-01-14,HOSP-KR-004,HOSP-KR-003,MED-009,17,High,Approved,56.5,1,1,Near-expiry redistribution,0
EX-00407,2026-03-05,DEMO-07,DEMO-02,MED-006,233,High,Approved,142.1,3,0,Pediatric surge,1
EX-00408,2026-04-06,HOSP-BG-015,HOSP-LB-001,MED-022,89,Emergency,Requested,206.4,4,0,Postpartum hemorrhage kit,0
EX-00409,2026-02-11,DEMO-03,DEMO-01,MED-019,27,Normal,In_Transit,11.8,1,1,Surgical camp,1
EX-00410,2026-04-10,DEMO-02,DEMO-03,MED-064,119,High,Completed,11.9,1,1,Monsoon surge,1
EX-00411,2025-12-30,DEMO-07,DEMO-04,MED-067,199,Normal,Completed,142.3,1,0,Routine balancing,1
EX-00412,2025-12-27,DEMO-07,DEMO-06,MED-043,141,Normal,Completed,378.9,6,0,Postpartum hemorrhage kit,1
EX-00413,2026-01-08,HOSP-KR-004,DEMO-01,MED-003,23,Normal,Requested,299.0,4,0,Emergency case load,1
EX-00414,2026-03-09,DEMO-08,HOSP-LB-003,MED-017,5,Normal,Completed,140.3,3,0,Chemo cycle demand,1
EX-00415,2026-03-13,HOSP-BG-017,HOSP-GD-002,MED-038,8,High,Completed,215.7,2,0,Emergency case load,0
EX-00416,2026-03-19,HOSP-KR-003,HOSP-GD-003,MED-002,5,Normal,Completed,199.6,3,0,Low stock,0
EX-00417,2026-03-01,HOSP-LB-005,HOSP-BG-015,MED-040,84,High,Completed,198.4,4,0,Outbreak response,0
EX-00418,2025-12-26,HOSP-KR-003,HOSP-BG-018,MED-021,5,Normal,Approved,276.9,3,0,Surgical camp,0
EX-00419,2026-06-26,DEMO-08,HOSP-KP-003,MED-002,20,Normal,Requested,655.2,9,0,Outbreak response,1
EX-00420,2025-12-30,DEMO-08,DEMO-07,MED-004,19,Normal,Completed,211.9,2,0,Near-expiry redistribution,1
EX-00421,2026-01-27,HOSP-GD-004,HOSP-SP-001,MED-015,5,Normal,Completed,353.6,5,0,Monsoon surge,0
EX-00422,2026-05-28,DEMO-08,DEMO-03,MED-006,40,Normal,Requested,363.7,5,0,Chemo cycle demand,1
EX-00423,2026-06-22,DEMO-01,DEMO-06,MED-065,25,High,Completed,238.7,3,0,Outbreak response,1
EX-00424,2026-04-26,DEMO-03,DEMO-04,MED-051,14,High,Approved,11.9,1,1,Emergency case load,1
EX-00425,2026-05-06,DEMO-06,DEMO-02,MED-052,55,Emergency,Completed,239.4,4,0,Pediatric surge,1
EX-00426,2026-03-17,DEMO-08,DEMO-07,MED-003,23,Normal,Completed,211.9,3,0,Monsoon surge,1
EX-00427,2026-01-10,DEMO-07,HOSP-BG-014,MED-033,105,Normal,Approved,145.2,3,0,Emergency case load,1
EX-00428,2026-01-01,DEMO-08,HOSP-MD-001,MED-028,5,High,Approved,463.7,6,0,Pediatric surge,1
EX-00429,2026-06-12,HOSP-BG-015,DEMO-06,MED-011,227,High,Requested,214.9,4,0,Chemo cycle demand,1
EX-00430,2026-04-04,DEMO-02,HOSP-LB-004,MED-009,190,Normal,Rejected,245.1,4,0,Pediatric surge,1
EX-00431,2026-02-19,DEMO-01,DEMO-04,MED-027,211,Normal,Requested,4.0,1,1,Chemo cycle demand,1
EX-00432,2026-04-07,DEMO-08,HOSP-KR-003,MED-003,58,Emergency,Completed,78.4,1,1,Outbreak response,1
EX-00433,2026-02-20,DEMO-08,DEMO-02,MED-071,5,Normal,Approved,351.8,4,0,Surgical camp,1
EX-00434,2026-03-05,DEMO-08,HOSP-SP-001,MED-026,26,Normal,Completed,165.5,4,0,Monsoon surge,1
EX-00435,2026-03-23,DEMO-01,DEMO-02,MED-061,161,Emergency,Completed,3.8,2,1,Outbreak response,1
EX-00436,2026-01-27,HOSP-KP-001,HOSP-BG-015,MED-029,39,Normal,Completed,194.6,4,0,Chemo cycle demand,0
EX-00437,2026-04-03,HOSP-LB-004,HOSP-MD-001,MED-063,5,Normal,Requested,337.9,6,0,Low stock,0
EX-00438,2026-03-03,DEMO-08,DEMO-03,MED-007,20,Normal,Completed,363.7,6,0,Surgical camp,1
EX-00439,2026-01-29,DEMO-02,DEMO-04,MED-031,205,Normal,Completed,0.3,1,1,Near-expiry redistribution,1
EX-00440,2026-01-11,DEMO-01,DEMO-04,MED-066,117,Normal,Completed,4.0,2,1,Outbreak response,1
EX-00441,2026-01-18,HOSP-KP-001,DEMO-03,MED-054,74,Normal,Completed,207.3,2,0,Surgical camp,1
EX-00443,2026-06-05,DEMO-06,HOSP-LB-004,MED-061,99,High,Requested,472.0,6,0,Monsoon surge,1
EX-00444,2026-04-10,DEMO-08,DEMO-07,MED-023,5,Normal,Requested,211.9,3,0,Routine balancing,1
EX-00445,2026-02-07,HOSP-BG-011,HOSP-BG-019,MED-052,66,Normal,Completed,5.3,2,1,Monsoon surge,0
EX-00446,2026-04-05,HOSP-KR-001,HOSP-GD-003,MED-039,63,High,Completed,302.8,5,0,Near-expiry redistribution,0
EX-00447,2026-04-28,HOSP-BG-011,HOSP-LB-003,MED-061,9,Normal,Completed,283.9,4,0,Postpartum hemorrhage kit,0
EX-00448,2026-04-24,DEMO-04,DEMO-07,MED-065,69,Normal,Approved,142.3,3,0,Outbreak response,1
EX-00449,2026-04-21,DEMO-08,HOSP-BG-017,MED-063,5,Emergency,Completed,383.1,5,0,Surgical camp,1
EX-00450,2026-01-27,DEMO-01,DEMO-02,MED-042,25,Normal,Completed,3.8,1,1,Monsoon surge,1
EX-00451,2025-12-14,DEMO-01,DEMO-06,MED-067,215,Normal,Completed,238.7,2,0,Near-expiry redistribution,1
EX-00452,2025-12-16,DEMO-08,DEMO-06,MED-032,5,Emergency,Completed,590.4,9,0,Routine balancing,1
EX-00453,2026-04-30,DEMO-05,DEMO-04,MED-069,35,Emergency,Requested,5.4,2,1,Routine balancing,1
EX-00454,2026-04-07,DEMO-02,DEMO-06,MED-047,178,Normal,Completed,239.4,2,0,Low stock,1
EX-00455,2026-02-07,HOSP-KR-001,HOSP-LB-003,MED-034,45,Normal,In_Transit,105.4,3,0,Outbreak response,0
EX-00456,2026-05-27,HOSP-BG-013,HOSP-KR-001,MED-005,82,Normal,Completed,377.9,6,0,Emergency case load,0
EX-00457,2026-04-04,HOSP-KR-003,HOSP-KP-003,MED-014,5,High,Completed,576.8,8,0,Near-expiry redistribution,0
EX-00458,2026-02-01,HOSP-BG-012,HOSP-GD-004,MED-065,15,Normal,Approved,142.2,2,0,Pediatric surge,0
EX-00459,2026-06-16,DEMO-08,DEMO-05,MED-053,9,Normal,In_Transit,353.6,4,0,Postpartum hemorrhage kit,1
EX-00460,2026-06-09,HOSP-BG-018,HOSP-KP-001,MED-051,6,Emergency,Completed,216.1,3,0,Low stock,0
EX-00461,2026-05-06,HOSP-GD-002,HOSP-BG-010,MED-037,28,Normal,Completed,106.1,2,0,Emergency case load,0
EX-00462,2026-02-14,DEMO-08,DEMO-02,MED-064,18,High,In_Transit,351.8,4,0,Emergency case load,1
EX-00463,2026-04-08,HOSP-SP-003,HOSP-KP-004,MED-024,5,Normal,Completed,574.9,9,0,Monsoon surge,0
EX-00464,2026-03-12,HOSP-GD-002,HOSP-BG-010,MED-041,5,Normal,In_Transit,106.1,3,0,Pediatric surge,0
EX-00465,2026-02-17,HOSP-GD-002,HOSP-SP-001,MED-012,97,Normal,Completed,293.8,5,0,Postpartum hemorrhage kit,0
EX-00466,2026-05-25,HOSP-KR-003,HOSP-MD-002,MED-046,5,Normal,Completed,290.2,4,0,Chemo cycle demand,0
EX-00467,2026-06-12,HOSP-KR-004,DEMO-04,MED-060,5,Normal,Completed,299.4,4,0,Routine balancing,1
EX-00469,2026-05-25,DEMO-07,DEMO-08,MED-062,112,Normal,In_Transit,211.9,3,0,Routine balancing,1
EX-00470,2026-02-03,HOSP-LB-005,HOSP-KP-001,MED-054,156,High,In_Transit,387.6,5,0,Surgical camp,0
EX-00471,2026-04-07,HOSP-BG-019,HOSP-KR-003,MED-067,113,Normal,Completed,272.7,3,0,Chemo cycle demand,0
EX-00472,2026-05-31,HOSP-SP-002,HOSP-GD-002,MED-020,42,Normal,Completed,341.8,6,0,Near-expiry redistribution,0
EX-00473,2026-03-05,HOSP-BG-019,HOSP-SP-004,MED-068,204,Normal,Completed,495.0,8,0,Outbreak response,0
EX-00474,2025-12-16,HOSP-BG-017,HOSP-GD-005,MED-014,37,High,Completed,177.1,4,0,Monsoon surge,0
EX-00475,2026-05-05,DEMO-07,HOSP-LB-002,MED-004,71,Normal,Completed,233.0,3,0,Chemo cycle demand,1
EX-00476,2026-06-08,DEMO-08,DEMO-05,MED-060,5,High,Completed,353.6,6,0,Routine balancing,1
EX-00477,2026-02-17,HOSP-SP-003,DEMO-05,MED-068,5,Normal,Completed,452.2,5,0,Near-expiry redistribution,1
EX-00478,2026-02-20,HOSP-LB-004,DEMO-03,MED-016,5,Normal,Completed,255.8,5,0,Outbreak response,1
EX-00479,2026-05-14,DEMO-08,DEMO-05,MED-062,5,High,Completed,353.6,5,0,Emergency case load,1
EX-00480,2026-05-11,DEMO-02,DEMO-05,MED-004,182,Normal,In_Transit,5.2,1,1,Low stock,1
EX-00481,2026-04-19,DEMO-07,DEMO-02,MED-057,220,Normal,Approved,142.1,1,0,Emergency case load,1
EX-00483,2026-03-29,DEMO-02,HOSP-LB-003,MED-058,48,High,Completed,281.6,5,0,Near-expiry redistribution,1
EX-00484,2026-05-07,DEMO-03,DEMO-02,MED-035,5,Normal,Rejected,11.9,1,1,Outbreak response,1
EX-00485,2026-03-01,HOSP-LB-002,HOSP-KR-001,MED-035,20,High,Completed,61.2,2,0,Routine balancing,0
EX-00486,2026-01-09,DEMO-05,DEMO-07,MED-034,90,Emergency,Completed,143.2,1,0,Postpartum hemorrhage kit,1
EX-00487,2026-06-21,DEMO-06,DEMO-07,MED-065,65,Normal,Completed,378.9,5,0,Monsoon surge,1
EX-00488,2026-04-18,DEMO-03,DEMO-07,MED-019,34,Normal,Completed,153.7,2,0,Postpartum hemorrhage kit,1
EX-00489,2026-03-18,DEMO-08,DEMO-03,MED-055,5,Normal,Completed,363.7,6,0,Outbreak response,1
EX-00490,2026-05-14,HOSP-KR-001,HOSP-KP-004,MED-052,97,High,In_Transit,500.8,7,0,Monsoon surge,0
EX-00491,2026-02-03,DEMO-08,HOSP-KP-004,MED-050,10,Emergency,Completed,475.7,7,0,Surgical camp,1
EX-00492,2025-12-18,HOSP-LB-001,HOSP-KP-001,MED-014,56,High,In_Transit,392.0,6,0,Monsoon surge,0
EX-00493,2026-02-05,DEMO-04,DEMO-07,MED-035,90,High,Completed,142.3,3,0,Monsoon surge,1
EX-00494,2026-06-20,HOSP-GD-002,HOSP-BG-019,MED-006,49,Emergency,Completed,180.3,4,0,Emergency case load,0
EX-00495,2026-01-15,HOSP-KR-001,HOSP-KR-003,MED-014,169,High,Completed,131.1,3,1,Near-expiry redistribution,0
EX-00496,2026-04-29,HOSP-KP-001,HOSP-SP-001,MED-069,107,Emergency,Completed,688.1,8,0,Monsoon surge,0
EX-00497,2026-05-06,HOSP-KR-004,HOSP-KR-003,MED-027,23,Normal,Completed,56.5,2,1,Near-expiry redistribution,0
EX-00498,2025-12-28,DEMO-03,DEMO-02,MED-019,34,Emergency,Completed,11.9,1,1,Pediatric surge,1
EX-00499,2026-05-19,HOSP-LB-005,HOSP-KP-001,MED-055,102,Emergency,Completed,387.6,6,0,Surgical camp,0
EX-00500,2025-12-26,HOSP-LB-001,DEMO-07,MED-018,93,High,Completed,77.5,1,0,Routine balancing,1
